Month,TotalC,Cost
1991-07-01,3526591.0,3.526591
1991-08-01,3180891.0,3.180891
1991-09-01,3252221.0,3.252221
1991-10-01,3611003.0,3.611003
1991-11-01,3565869.0,3.565869
1991-12-01,4306371.0,4.306371
1992-01-01,5088335.0,5.088335
1992-02-01,2814520.0,2.81452
1992-03-01,2985811.0,2.985811
1992-04-01,3204780.0,3.20478
1992-05-01,3127578.0,3.127578
1992-06-01,3270523.0,3.270523
1992-07-01,3737850.82,3.73785082
1992-08-01,3558776.0900000003,3.5587760900000003
1992-09-01,3777201.73,3.77720173
1992-10-01,3924490.42,3.92449042
1992-11-01,4386530.92,4.38653092
1992-12-01,5810549.17,5.81054917
1993-01-01,6192067.6899999995,6.192067689999999
1993-02-01,3450856.9899999998,3.4508569899999997
1993-03-01,3772306.8600000003,3.7723068600000005
1993-04-01,3734302.9,3.7343029
1993-05-01,3905398.92,3.90539892
1993-06-01,4049687.1399999997,4.04968714
1993-07-01,4315565.5200000005,4.315565520000001
1993-08-01,4562184.550000001,4.5621845500000004
1993-09-01,4608662.03,4.6086620300000005
1993-10-01,4667851.29,4.66785129
1993-11-01,5093841.45,5.09384145
1993-12-01,7179962.2,7.1799622
1994-01-01,6731473.08,6.73147308
1994-02-01,3841277.5799999996,3.8412775799999994
1994-03-01,4394075.569999999,4.394075569999999
1994-04-01,4075340.73,4.07534073
1994-05-01,4540644.899999999,4.540644899999999
1994-06-01,4645615.08,4.64561508
1994-07-01,4752606.529999999,4.7526065299999996
1994-08-01,5350604.67,5.35060467
1994-09-01,5204454.84,5.2044548399999995
1994-10-01,5301651.3,5.3016513
1994-11-01,5773742.16,5.77374216
1994-12-01,6204593.48,6.204593480000001
1995-01-01,6749483.819999999,6.749483819999999
1995-02-01,4216067.35,4.216067349999999
1995-03-01,4949349.46,4.94934946
1995-04-01,4823044.9,4.8230449
1995-05-01,5194754.1899999995,5.194754189999999
1995-06-01,5170787.11,5.17078711
1995-07-01,5256741.569999999,5.256741569999999
1995-08-01,5855277.29,5.85527729
1995-09-01,5490729.01,5.49072901
1995-10-01,6115293.23,6.115293230000001
1995-11-01,6088472.84,6.08847284
1995-12-01,7416597.92,7.41659792
1996-01-01,8329452.12,8.329452120000001
1996-02-01,5069795.85,5.069795849999999
1996-03-01,5262556.67,5.2625566699999995
1996-04-01,5597126.28,5.59712628
1996-05-01,6110296.0,6.110296
1996-06-01,5689160.84,5.6891608399999996
1996-07-01,6486849.33,6.48684933
1996-08-01,6300569.329999999,6.300569329999999
1996-09-01,6467475.74,6.46747574
1996-10-01,6828629.390000001,6.828629390000001
1996-11-01,6649078.26,6.64907826
1996-12-01,8606937.21,8.606937210000002
1997-01-01,8524471.01,8.52447101
1997-02-01,5277918.37,5.27791837
1997-03-01,5714303.449999999,5.714303449999999
1997-04-01,6214529.08,6.21452908
1997-05-01,6411929.1899999995,6.4119291899999995
1997-06-01,6667715.64,6.66771564
1997-07-01,7050831.0200000005,7.05083102
1997-08-01,6704918.61,6.70491861
1997-09-01,7250987.609999999,7.250987609999999
1997-10-01,7819733.18,7.81973318
1997-11-01,7398101.06,7.398101059999999
1997-12-01,10096233.39,10.09623339
1998-01-01,8798513.03,8.798513029999999
1998-02-01,5918260.76,5.91826076
1998-03-01,6534492.9799999995,6.53449298
1998-04-01,6675735.61,6.67573561
1998-05-01,7064200.58,7.0642005800000005
1998-06-01,7383381.18,7.38338118
1998-07-01,7813495.87,7.81349587
1998-08-01,7431892.21,7.43189221
1998-09-01,8275117.22,8.27511722
1998-10-01,8260441.38,8.26044138
1998-11-01,8596155.75,8.59615575
1998-12-01,10558939.02,10.55893902
1999-01-01,10391415.6,10.3914156
1999-02-01,6421534.5600000005,6.4215345600000004
1999-03-01,8062619.37,8.06261937
1999-04-01,7297739.100000001,7.2977391
1999-05-01,7936915.94,7.9369159400000004
1999-06-01,8165322.9799999995,8.16532298
1999-07-01,8717420.459999999,8.71742046
1999-08-01,9070963.78,9.07096378
1999-09-01,9177113.370000001,9.17711337
1999-10-01,9251886.739999998,9.251886739999998
1999-11-01,9933136.43,9.93313643
1999-12-01,11532974.28,11.53297428
2000-01-01,12511462.35,12.51146235
2000-02-01,7457198.529999999,7.457198529999999
2000-03-01,8591190.84,8.59119084
2000-04-01,8474000.37,8.474000369999999
2000-05-01,9386802.6,9.3868026
2000-06-01,9560399.45,9.560399449999998
2000-07-01,10834294.8,10.8342948
2000-08-01,10643750.83,10.64375083
2000-09-01,9908161.86,9.90816186
2000-10-01,11710041.3,11.7100413
2000-11-01,11340150.74,11.34015074
2000-12-01,12079131.84,12.07913184
2001-01-01,14497581.09,14.49758109
2001-02-01,8049274.77,8.04927477
2001-03-01,10312891.16,10.31289116
2001-04-01,9753358.209999999,9.753358209999998
2001-05-01,10850381.83,10.85038183
2001-06-01,9961719.16,9.96171916
2001-07-01,11443601.44,11.44360144
2001-08-01,11659238.889999999,11.65923889
2001-09-01,10647059.79,10.647059789999998
2001-10-01,12652134.44,12.65213444
2001-11-01,13674466.31,13.67446631
2001-12-01,12965735.09,12.965735089999999
2002-01-01,16300269.27,16.30026927
2002-02-01,9053485.36,9.05348536
2002-03-01,10002448.79,10.002448789999999
2002-04-01,10788750.07,10.78875007
2002-05-01,12106705.15,12.10670515
2002-06-01,10954101.07,10.95410107
2002-07-01,12844565.87,12.844565869999998
2002-08-01,12196499.85,12.19649985
2002-09-01,12854747.87,12.854747869999999
2002-10-01,13542004.36,13.54200436
2002-11-01,13287640.0,13.28764
2002-12-01,15134917.84,15.13491784
2003-01-01,16828349.68,16.82834968
2003-02-01,9800214.61,9.80021461
2003-03-01,10816993.709999999,10.816993709999998
2003-04-01,10654222.559999999,10.65422256
2003-05-01,12512322.69,12.51232269
2003-06-01,12161209.69,12.16120969
2003-07-01,12998046.2,12.9980462
2003-08-01,12517275.68,12.51727568
2003-09-01,13268657.610000001,13.268657610000002
2003-10-01,14733621.69,14.73362169
2003-11-01,13669381.74,13.66938174
2003-12-01,16503965.61,16.503965609999998
2004-01-01,18003767.95,18.00376795
2004-02-01,11938029.87,11.93802987
2004-03-01,12997900.1,12.997900099999999
2004-04-01,12882645.07,12.88264507
2004-05-01,13943446.81,13.943446810000001
2004-06-01,13989472.2,13.9894722
2004-07-01,15339097.419999998,15.339097419999998
2004-08-01,15370763.94,15.37076394
2004-09-01,16142005.0,16.142005
2004-10-01,16685754.0,16.685754
2004-11-01,17636728.0,17.636728
2004-12-01,18869325.0,18.869325
2005-01-01,20778723.0,20.778723
2005-02-01,12154552.0,12.154552
2005-03-01,13402392.0,13.402392
2005-04-01,14459239.0,14.459239
2005-05-01,14795102.0,14.795102
2005-06-01,15705248.0,15.705248
2005-07-01,15829550.0,15.82955
2005-08-01,17554701.0,17.554701
2005-09-01,18100864.0,18.100864
2005-10-01,17496668.0,17.496668
2005-11-01,19347265.0,19.347265
2005-12-01,20031291.0,20.031291
2006-01-01,23486694.0,23.486694
2006-02-01,12536987.0,12.536987
2006-03-01,15467018.0,15.467018
2006-04-01,14233539.0,14.233539
2006-05-01,17783058.0,17.783058
2006-06-01,16291602.0,16.291602
2006-07-01,16980282.0,16.980282
2006-08-01,18612189.0,18.612189
2006-09-01,16623343.0,16.623343
2006-10-01,21430241.0,21.430241
2006-11-01,23575517.0,23.575517
2006-12-01,23334206.0,23.334206
2007-01-01,28038383.0,28.038383
2007-02-01,16763869.0,16.763869
2007-03-01,19792754.0,19.792754
2007-04-01,16427305.0,16.427305
2007-05-01,21000742.0,21.000742
2007-06-01,20681002.0,20.681002
2007-07-01,21834890.0,21.83489
2007-08-01,23930203.529999997,23.930203529999996
2007-09-01,22930356.939999998,22.93035694
2007-10-01,23263339.92,23.263339920000004
2007-11-01,25250030.22,25.25003022
2007-12-01,25806090.0,25.80609
2008-01-01,29665356.0,29.665356
2008-02-01,21654285.0,21.654285
2008-03-01,18264945.0,18.264945
2008-04-01,23107677.0,23.107677
2008-05-01,22912510.0,22.91251
2008-06-01,19431740.0,19.43174
