State,Quarter,Trips
ACT,1998Q1,196.2185505
ACT,1998Q2,126.7705973
ACT,1998Q3,110.6796454
ACT,1998Q4,170.4722058
ACT,1999Q1,107.7792452
ACT,1999Q2,124.6442031
ACT,1999Q3,177.9468698
ACT,1999Q4,217.6562481
ACT,2000Q1,158.4145809
ACT,2000Q2,154.8064808
ACT,2000Q3,110.7790049
ACT,2000Q4,157.8623391
ACT,2001Q1,143.6435129
ACT,2001Q2,249.9085001
ACT,2001Q3,132.4823603
ACT,2001Q4,183.9750371
ACT,2002Q1,164.1536101
ACT,2002Q2,185.144259
ACT,2002Q3,113.2755677
ACT,2002Q4,140.1915353
ACT,2003Q1,111.4751914
ACT,2003Q2,156.3437888
ACT,2003Q3,140.4969378
ACT,2003Q4,144.4553491
ACT,2004Q1,114.0701235
ACT,2004Q2,136.9660938
ACT,2004Q3,129.6151561
ACT,2004Q4,113.0255894
ACT,2005Q1,121.8510901
ACT,2005Q2,134.5084186
ACT,2005Q3,154.6502579
ACT,2005Q4,92.497783
ACT,2006Q1,149.554375
ACT,2006Q2,133.051428
ACT,2006Q3,132.549314
ACT,2006Q4,111.296543
ACT,2007Q1,145.5622689
ACT,2007Q2,115.5508329
ACT,2007Q3,119.7396275
ACT,2007Q4,101.5596327
ACT,2008Q1,152.473165
ACT,2008Q2,140.3483478
ACT,2008Q3,141.3639443
ACT,2008Q4,119.8263545
ACT,2009Q1,184.7659711
ACT,2009Q2,125.3440577
ACT,2009Q3,116.4592213
ACT,2009Q4,101.1894017
ACT,2010Q1,299.8312818
ACT,2010Q2,204.1642676
ACT,2010Q3,132.4496342
ACT,2010Q4,132.9459374
ACT,2011Q1,121.1236727
ACT,2011Q2,111.1584584
ACT,2011Q3,161.3472175
ACT,2011Q4,126.1196456
ACT,2012Q1,141.2563594
ACT,2012Q2,108.5218403
ACT,2012Q3,130.2682416
ACT,2012Q4,82.3934331
ACT,2013Q1,215.9476834
ACT,2013Q2,119.73916
ACT,2013Q3,180.5453191
ACT,2013Q4,125.8092609
ACT,2014Q1,189.3877031
ACT,2014Q2,149.8130108
ACT,2014Q3,193.1935368
ACT,2014Q4,135.2556246
ACT,2015Q1,247.3158288
ACT,2015Q2,142.9431516
ACT,2015Q3,174.9480088
ACT,2015Q4,125.5230547
ACT,2016Q1,162.597761
ACT,2016Q2,199.5219014
ACT,2016Q3,159.1349489
ACT,2016Q4,214.1112851
ACT,2017Q1,223.1334399
ACT,2017Q2,193.4863015
ACT,2017Q3,203.6345036
ACT,2017Q4,214.4636548
New South Wales,1998Q1,4032.9098334
New South Wales,1998Q2,3262.2327455
New South Wales,1998Q3,2680.5823603
New South Wales,1998Q4,3082.6770441999997
New South Wales,1999Q1,3634.931012
New South Wales,1999Q2,2957.5110726000003
New South Wales,1999Q3,2767.7519199
New South Wales,1999Q4,3120.7914895
New South Wales,2000Q1,3548.4898453
New South Wales,2000Q2,2839.5067376
New South Wales,2000Q3,3265.2395253
New South Wales,2000Q4,2945.6789651
New South Wales,2001Q1,3453.6257708000003
New South Wales,2001Q2,2922.7161661
New South Wales,2001Q3,2730.7678515
New South Wales,2001Q4,2895.9307332
New South Wales,2002Q1,3422.1024638
New South Wales,2002Q2,3075.4836123
New South Wales,2002Q3,2782.5887654
New South Wales,2002Q4,3160.2839179000002
New South Wales,2003Q1,3442.1605608
New South Wales,2003Q2,2871.0988907
New South Wales,2003Q3,2805.9219685
New South Wales,2003Q4,2836.5793105000002
New South Wales,2004Q1,3434.5104626
New South Wales,2004Q2,2919.6804122
New South Wales,2004Q3,2670.6100029
New South Wales,2004Q4,2618.2191579
New South Wales,2005Q1,3592.7347447
New South Wales,2005Q2,2513.6788124
New South Wales,2005Q3,2418.3010311
New South Wales,2005Q4,2412.1381707
New South Wales,2006Q1,3438.231674
New South Wales,2006Q2,2758.213502
New South Wales,2006Q3,2367.06977
New South Wales,2006Q4,2795.259446
New South Wales,2007Q1,3394.8425549
New South Wales,2007Q2,2777.937878
New South Wales,2007Q3,2510.8281116
New South Wales,2007Q4,2591.909166
New South Wales,2008Q1,3654.8288085
New South Wales,2008Q2,2749.2014513
New South Wales,2008Q3,2557.8808672
New South Wales,2008Q4,2656.8722112
New South Wales,2009Q1,3241.1865325999997
New South Wales,2009Q2,2470.0011393
New South Wales,2009Q3,2585.2919547
New South Wales,2009Q4,2736.4102652
New South Wales,2010Q1,3424.6774703
New South Wales,2010Q2,2710.4564747
New South Wales,2010Q3,2699.6993338
New South Wales,2010Q4,2659.1425437
New South Wales,2011Q1,3444.6901323
New South Wales,2011Q2,2821.0636668
New South Wales,2011Q3,2548.5966074999997
New South Wales,2011Q4,2447.1035219
New South Wales,2012Q1,3264.0069232
New South Wales,2012Q2,2604.0550896
New South Wales,2012Q3,2550.4360682
New South Wales,2012Q4,2890.1493998
New South Wales,2013Q1,3350.0201466999997
New South Wales,2013Q2,2827.7710606
New South Wales,2013Q3,2861.9834562
New South Wales,2013Q4,2744.7250848
New South Wales,2014Q1,3275.2985792
New South Wales,2014Q2,2910.3491976
New South Wales,2014Q3,2756.7284013999997
New South Wales,2014Q4,2911.4911569
New South Wales,2015Q1,3447.3799609000002
New South Wales,2015Q2,2973.104968
New South Wales,2015Q3,2752.8881334
New South Wales,2015Q4,3099.0272528
New South Wales,2016Q1,3897.8744008999997
New South Wales,2016Q2,3024.8531484
New South Wales,2016Q3,2934.7823989000003
New South Wales,2016Q4,3094.0979586
New South Wales,2017Q1,3547.3939932999997
New South Wales,2017Q2,3165.8526355
New South Wales,2017Q3,3368.8540549
New South Wales,2017Q4,3329.0767958
Northern Territory,1998Q1,59.810032899999996
Northern Territory,1998Q2,163.0125514
Northern Territory,1998Q3,360.3763628
Northern Territory,1998Q4,114.407975
Northern Territory,1999Q1,56.2431003
Northern Territory,1999Q2,222.2856858
Northern Territory,1999Q3,341.123315
Northern Territory,1999Q4,130.85092219999999
Northern Territory,2000Q1,127.5470595
Northern Territory,2000Q2,203.6390719
Northern Territory,2000Q3,335.79174489999997
Northern Territory,2000Q4,173.1207393
Northern Territory,2001Q1,59.832636
Northern Territory,2001Q2,211.8269475
Northern Territory,2001Q3,322.5902749
Northern Territory,2001Q4,97.1853121
Northern Territory,2002Q1,63.1128944
Northern Territory,2002Q2,208.8452717
Northern Territory,2002Q3,259.3378307
Northern Territory,2002Q4,148.464428
Northern Territory,2003Q1,85.3104585
Northern Territory,2003Q2,156.4860076
Northern Territory,2003Q3,305.1181136
Northern Territory,2003Q4,111.22360950000001
Northern Territory,2004Q1,58.2745197
Northern Territory,2004Q2,166.74378480000001
Northern Territory,2004Q3,446.9306963
Northern Territory,2004Q4,79.8440387
Northern Territory,2005Q1,83.1751146
Northern Territory,2005Q2,230.0347576
Northern Territory,2005Q3,324.267736
Northern Territory,2005Q4,117.1128723
Northern Territory,2006Q1,92.864477
Northern Territory,2006Q2,188.919484
Northern Territory,2006Q3,296.089751
Northern Territory,2006Q4,138.251003
Northern Territory,2007Q1,75.4345171
Northern Territory,2007Q2,249.8630517
Northern Territory,2007Q3,366.03427380000005
Northern Territory,2007Q4,163.5548629
Northern Territory,2008Q1,110.5621062
Northern Territory,2008Q2,188.1280478
Northern Territory,2008Q3,302.678756
Northern Territory,2008Q4,136.125218
Northern Territory,2009Q1,72.1869901
Northern Territory,2009Q2,248.588841
Northern Territory,2009Q3,294.3957742
Northern Territory,2009Q4,141.2377928
Northern Territory,2010Q1,74.87279
Northern Territory,2010Q2,258.9020847
Northern Territory,2010Q3,292.8476577
Northern Territory,2010Q4,164.4034805
Northern Territory,2011Q1,64.7786521
Northern Territory,2011Q2,152.4190846
Northern Territory,2011Q3,276.3887277
Northern Territory,2011Q4,128.8758811
Northern Territory,2012Q1,69.1891298
Northern Territory,2012Q2,164.1966675
Northern Territory,2012Q3,295.4271814
Northern Territory,2012Q4,99.12312250000001
Northern Territory,2013Q1,57.4427009
Northern Territory,2013Q2,178.57255709999998
Northern Territory,2013Q3,256.70881710000003
Northern Territory,2013Q4,102.2554141
Northern Territory,2014Q1,68.1794999
Northern Territory,2014Q2,301.6685534
Northern Territory,2014Q3,361.3301709
Northern Territory,2014Q4,104.74690860000001
Northern Territory,2015Q1,83.06558460000001
Northern Territory,2015Q2,240.15634649999998
Northern Territory,2015Q3,373.41624509999997
Northern Territory,2015Q4,162.64302500000002
Northern Territory,2016Q1,107.20114699999999
Northern Territory,2016Q2,250.614432
Northern Territory,2016Q3,427.260797
Northern Territory,2016Q4,105.7238658
Northern Territory,2017Q1,117.0515018
Northern Territory,2017Q2,272.047751
Northern Territory,2017Q3,289.1048137
Northern Territory,2017Q4,128.0273322
Queensland,1998Q1,2031.3633656
Queensland,1998Q2,1661.2998125
Queensland,1998Q3,2164.3517804000003
Queensland,1998Q4,1969.2065481
Queensland,1999Q1,2139.97239
Queensland,1999Q2,2194.2189365
Queensland,1999Q3,2311.4755381
Queensland,1999Q4,2006.7308667999998
Queensland,2000Q1,2129.0953210000002
Queensland,2000Q2,2170.1930573
Queensland,2000Q3,2141.94872
Queensland,2000Q4,2019.0022954
Queensland,2001Q1,1987.1567523
Queensland,2001Q2,2215.4783101
Queensland,2001Q3,2225.8515448
Queensland,2001Q4,2085.3108101
Queensland,2002Q1,2218.5098512
Queensland,2002Q2,1960.0575919
Queensland,2002Q3,2409.4326198
Queensland,2002Q4,2104.4655557
Queensland,2003Q1,2127.2532126
Queensland,2003Q2,2005.7097904
Queensland,2003Q3,2324.7854908
Queensland,2003Q4,2105.2368122
Queensland,2004Q1,2011.8474153
Queensland,2004Q2,2080.2266906
Queensland,2004Q3,2437.5698676
Queensland,2004Q4,1950.371442
Queensland,2005Q1,2159.5041273
Queensland,2005Q2,1865.8822782
Queensland,2005Q3,2215.0613422
Queensland,2005Q4,1808.045
Queensland,2006Q1,2209.855035
Queensland,2006Q2,2131.301362
Queensland,2006Q3,2111.116439
Queensland,2006Q4,2235.563463
Queensland,2007Q1,2179.2572255
Queensland,2007Q2,2340.735842
Queensland,2007Q3,2321.7739056
Queensland,2007Q4,2010.9335325
Queensland,2008Q1,2422.4887341
Queensland,2008Q2,2009.6581042999999
Queensland,2008Q3,2173.4772918
Queensland,2008Q4,2051.9577757
Queensland,2009Q1,2041.8500642000001
Queensland,2009Q2,1995.7146047
Queensland,2009Q3,2395.0880684
Queensland,2009Q4,1942.6775141
Queensland,2010Q1,1692.7440364
Queensland,2010Q2,2027.857641
Queensland,2010Q3,2430.2745905
Queensland,2010Q4,2111.0443829
Queensland,2011Q1,1506.8048268
Queensland,2011Q2,2025.799998
Queensland,2011Q3,2327.761535
Queensland,2011Q4,2133.2271192
Queensland,2012Q1,1813.8655794000001
Queensland,2012Q2,2012.8970484000001
Queensland,2012Q3,2330.5125857000003
Queensland,2012Q4,2271.0959687
Queensland,2013Q1,2096.0582919999997
Queensland,2013Q2,1923.0034884
Queensland,2013Q3,2235.6653366
Queensland,2013Q4,2105.7105295
Queensland,2014Q1,2136.4591171
Queensland,2014Q2,2237.3810124
Queensland,2014Q3,2237.2865989
Queensland,2014Q4,2086.5279013
Queensland,2015Q1,2015.3483473000001
Queensland,2015Q2,2072.6386268
Queensland,2015Q3,2538.6609929
Queensland,2015Q4,2172.6299418
Queensland,2016Q1,2248.39244
Queensland,2016Q2,2111.4383014
Queensland,2016Q3,2549.7251259
Queensland,2016Q4,2169.4565463
Queensland,2017Q1,2135.5778326
Queensland,2017Q2,2206.2359486
Queensland,2017Q3,2645.8095527
Queensland,2017Q4,2369.2570557
South Australia,1998Q1,877.023426
South Australia,1998Q2,671.2240323999999
South Australia,1998Q3,507.0043141
South Australia,1998Q4,741.2060376
South Australia,1999Q1,810.0476402
South Australia,1999Q2,780.8136135
South Australia,1999Q3,555.7439403
South Australia,1999Q4,654.5479429
South Australia,2000Q1,885.9573818
South Australia,2000Q2,572.4531814
South Australia,2000Q3,749.244965
South Australia,2000Q4,638.9447987
South Australia,2001Q1,766.1027653
South Australia,2001Q2,632.6144830999999
South Australia,2001Q3,554.1903475
South Australia,2001Q4,713.4785234999999
South Australia,2002Q1,756.2579172999999
South Australia,2002Q2,632.6894500999999
South Australia,2002Q3,530.0647687000001
South Australia,2002Q4,686.0457409
South Australia,2003Q1,701.2143940000001
South Australia,2003Q2,606.4647669
South Australia,2003Q3,506.5446828
South Australia,2003Q4,619.2695246000001
South Australia,2004Q1,824.9083992999999
South Australia,2004Q2,666.1849357
South Australia,2004Q3,546.0661446
South Australia,2004Q4,625.5880841
South Australia,2005Q1,721.2466252
South Australia,2005Q2,568.4258866
South Australia,2005Q3,552.5688444
South Australia,2005Q4,578.5748451
South Australia,2006Q1,857.981634
South Australia,2006Q2,719.468923
South Australia,2006Q3,494.037166
South Australia,2006Q4,629.135338
South Australia,2007Q1,814.2944001
South Australia,2007Q2,652.7080314
South Australia,2007Q3,563.0722976
South Australia,2007Q4,635.4789539
South Australia,2008Q1,843.1418246999999
South Australia,2008Q2,571.462275
South Australia,2008Q3,511.2553446
South Australia,2008Q4,591.6231231
South Australia,2009Q1,671.4848123
South Australia,2009Q2,626.4697216
South Australia,2009Q3,577.4036737
South Australia,2009Q4,630.5311069
South Australia,2010Q1,722.3890509
South Australia,2010Q2,573.2880839
South Australia,2010Q3,486.1126807
South Australia,2010Q4,643.0190715
South Australia,2011Q1,678.9068464
South Australia,2011Q2,746.7007733
South Australia,2011Q3,517.0253544
South Australia,2011Q4,626.711847
South Australia,2012Q1,751.3676256
South Australia,2012Q2,576.0172667
South Australia,2012Q3,510.3820589
South Australia,2012Q4,676.9315968
South Australia,2013Q1,768.7500515
South Australia,2013Q2,706.5818382
South Australia,2013Q3,506.6893123
South Australia,2013Q4,587.6503172
South Australia,2014Q1,819.1504201
South Australia,2014Q2,667.9868548
South Australia,2014Q3,507.9207727
South Australia,2014Q4,674.8054178
South Australia,2015Q1,858.9235556
South Australia,2015Q2,634.9254412
South Australia,2015Q3,561.6371493
South Australia,2015Q4,703.9765066
South Australia,2016Q1,817.5307639
South Australia,2016Q2,715.762157
South Australia,2016Q3,655.5851253999999
South Australia,2016Q4,624.7039533
South Australia,2017Q1,871.4839657
South Australia,2017Q2,692.6921306
South Australia,2017Q3,589.8177918
South Australia,2017Q4,789.7843718
Tasmania,1998Q1,632.5608998
Tasmania,1998Q2,413.6136288
Tasmania,1998Q3,166.1855387
Tasmania,1998Q4,403.952501
Tasmania,1999Q1,560.5314279
Tasmania,1999Q2,300.3507098
Tasmania,1999Q3,207.8556256
Tasmania,1999Q4,330.9213078
Tasmania,2000Q1,507.06481859999997
Tasmania,2000Q2,281.628809
Tasmania,2000Q3,266.2839864
Tasmania,2000Q4,367.6004619
Tasmania,2001Q1,545.8486141
Tasmania,2001Q2,409.8072049
Tasmania,2001Q3,194.858145
Tasmania,2001Q4,259.5861089
Tasmania,2002Q1,598.065372
Tasmania,2002Q2,289.8905768
Tasmania,2002Q3,190.0689189
Tasmania,2002Q4,395.2791746
Tasmania,2003Q1,515.9216514
Tasmania,2003Q2,447.6000593
Tasmania,2003Q3,178.4804298
Tasmania,2003Q4,364.5472272
Tasmania,2004Q1,708.0732002
Tasmania,2004Q2,386.6687993
Tasmania,2004Q3,146.14950679999998
Tasmania,2004Q4,423.3915392
Tasmania,2005Q1,654.9304162
Tasmania,2005Q2,325.30922749999996
Tasmania,2005Q3,178.47238140000002
Tasmania,2005Q4,304.8592578
Tasmania,2006Q1,592.510836
Tasmania,2006Q2,507.948452
Tasmania,2006Q3,201.41661
Tasmania,2006Q4,303.462604
Tasmania,2007Q1,659.2995155
Tasmania,2007Q2,384.809253
Tasmania,2007Q3,212.0029093
Tasmania,2007Q4,446.4162616
Tasmania,2008Q1,664.9308689
Tasmania,2008Q2,341.6817455
Tasmania,2008Q3,217.5938109
Tasmania,2008Q4,261.8670434
Tasmania,2009Q1,637.9619756
Tasmania,2009Q2,358.6088415
Tasmania,2009Q3,248.2385868
Tasmania,2009Q4,308.8588644
Tasmania,2010Q1,644.7726614
Tasmania,2010Q2,401.1122462
Tasmania,2010Q3,185.4225068
Tasmania,2010Q4,307.3492487
Tasmania,2011Q1,531.8826614
Tasmania,2011Q2,296.4140233
Tasmania,2011Q3,240.78203939999997
Tasmania,2011Q4,298.0185816
Tasmania,2012Q1,567.4315263999999
Tasmania,2012Q2,304.2923221
Tasmania,2012Q3,186.46505090000002
Tasmania,2012Q4,385.4534602
Tasmania,2013Q1,651.2624973
Tasmania,2013Q2,328.2237723
Tasmania,2013Q3,235.93839020000001
Tasmania,2013Q4,328.6308481
Tasmania,2014Q1,592.987004
Tasmania,2014Q2,505.3995045
Tasmania,2014Q3,188.8952001
Tasmania,2014Q4,393.1409695
Tasmania,2015Q1,717.1030071
Tasmania,2015Q2,302.6643651
Tasmania,2015Q3,200.0061624
Tasmania,2015Q4,474.5057051
Tasmania,2016Q1,690.1988992
Tasmania,2016Q2,366.6923143
Tasmania,2016Q3,228.9381221
Tasmania,2016Q4,466.6112491
Tasmania,2017Q1,727.8271734
Tasmania,2017Q2,448.9381383
Tasmania,2017Q3,280.31873740000003
Tasmania,2017Q4,446.9143632
Victoria,1998Q1,3203.6210302
Victoria,1998Q2,2257.8109386
Victoria,1998Q3,1898.3789665
Victoria,1998Q4,2003.7811505
Victoria,1999Q1,2919.4946218
Victoria,1999Q2,2182.719717
Victoria,1999Q3,1728.8584711
Victoria,1999Q4,1866.7339841
Victoria,2000Q1,2808.8485614
Victoria,2000Q2,2069.4567203
Victoria,2000Q3,1806.7165835
Victoria,2000Q4,1965.8074486
Victoria,2001Q1,3006.8541113
Victoria,2001Q2,2152.6558449999998
Victoria,2001Q3,1884.7832749000002
Victoria,2001Q4,1928.8929112
Victoria,2002Q1,2749.4000119
Victoria,2002Q2,2107.8395253
Victoria,2002Q3,1762.9448998999999
Victoria,2002Q4,1969.6204141
Victoria,2003Q1,2671.9471137
Victoria,2003Q2,2135.7702847
Victoria,2003Q3,1857.0142844
Victoria,2003Q4,1894.2226016
Victoria,2004Q1,2608.1601071
Victoria,2004Q2,2169.342597
Victoria,2004Q3,1775.4104151
Victoria,2004Q4,1841.2632782
Victoria,2005Q1,2778.1734673
Victoria,2005Q2,1782.8946584
Victoria,2005Q3,1607.571873
Victoria,2005Q4,1799.4744094
Victoria,2006Q1,3014.869587
Victoria,2006Q2,2074.065376
Victoria,2006Q3,1514.601386
Victoria,2006Q4,1916.076231
Victoria,2007Q1,2789.8717450999998
Victoria,2007Q2,2048.4956182
Victoria,2007Q3,1822.0303858
Victoria,2007Q4,2004.3257074
Victoria,2008Q1,3203.178186
Victoria,2008Q2,1845.1366992
Victoria,2008Q3,1842.0014288
Victoria,2008Q4,1917.4904155
Victoria,2009Q1,2535.0108917
Victoria,2009Q2,1933.2770042
Victoria,2009Q3,1903.2857393
Victoria,2009Q4,1817.9042104
Victoria,2010Q1,2661.6391671
Victoria,2010Q2,1930.9982121
Victoria,2010Q3,1777.139352
Victoria,2010Q4,1919.7612937
Victoria,2011Q1,2765.5982907
Victoria,2011Q2,2208.0195933
Victoria,2011Q3,1765.0645884
Victoria,2011Q4,2062.617286
Victoria,2012Q1,2881.963318
Victoria,2012Q2,2153.0168096
Victoria,2012Q3,1718.3633026999998
Victoria,2012Q4,2140.6811097
Victoria,2013Q1,2729.4782148
Victoria,2013Q2,2204.2895071000003
Victoria,2013Q3,1823.586186
Victoria,2013Q4,2191.3696332
Victoria,2014Q1,3008.1166562
Victoria,2014Q2,2360.5338879
Victoria,2014Q3,1867.6944528000001
Victoria,2014Q4,2210.4633888
Victoria,2015Q1,3094.0458049
Victoria,2015Q2,2350.292152
Victoria,2015Q3,2016.3758047000001
Victoria,2015Q4,2347.5173908
Victoria,2016Q1,3503.6647297
Victoria,2016Q2,2257.5440751
Victoria,2016Q3,2180.6753713
Victoria,2016Q4,2427.507223
Victoria,2017Q1,3649.5989371
Victoria,2017Q2,2494.0921319
Victoria,2017Q3,2241.6373831
Victoria,2017Q4,2907.0082015
Western Australia,1998Q1,772.5304837
Western Australia,1998Q2,719.6977679
Western Australia,1998Q3,754.9296216
Western Australia,1998Q4,813.8203184
Western Australia,1999Q1,943.027619
Western Australia,1999Q2,845.0692483
Western Australia,1999Q3,823.13084
Western Australia,1999Q4,697.4556004
Western Australia,2000Q1,905.4482205
Western Australia,2000Q2,904.5782639
Western Australia,2000Q3,671.5012764
Western Australia,2000Q4,715.9971685
Western Australia,2001Q1,709.2501422
Western Australia,2001Q2,738.4846875999999
Western Australia,2001Q3,761.6352883
Western Australia,2001Q4,812.5854115
Western Australia,2002Q1,871.0173229
Western Australia,2002Q2,772.7951393000001
Western Australia,2002Q3,788.5007637
Western Australia,2002Q4,643.1904959
Western Australia,2003Q1,846.2763889
Western Australia,2003Q2,714.0562926
Western Australia,2003Q3,722.1808378000001
Western Australia,2003Q4,765.7261993
Western Australia,2004Q1,941.6153251
Western Australia,2004Q2,685.4529537999999
Western Australia,2004Q3,772.0889136000001
Western Australia,2004Q4,726.8811191
Western Australia,2005Q1,817.3690724
Western Australia,2005Q2,645.5257632
Western Australia,2005Q3,649.5990505
Western Australia,2005Q4,624.3395333
Western Australia,2006Q1,863.379414
Western Australia,2006Q2,761.0779890000001
Western Australia,2006Q3,679.330909
Western Australia,2006Q4,799.358266
Western Australia,2007Q1,851.743152
Western Australia,2007Q2,786.3121765000001
Western Australia,2007Q3,701.9788715
Western Australia,2007Q4,762.1728187000001
Western Australia,2008Q1,899.8877742
Western Australia,2008Q2,653.8435603
Western Australia,2008Q3,735.9841702
Western Australia,2008Q4,655.3445568
Western Australia,2009Q1,747.5275376000001
Western Australia,2009Q2,642.4111008
Western Australia,2009Q3,570.1409693
Western Australia,2009Q4,583.5385842000001
Western Australia,2010Q1,636.0903494
Western Australia,2010Q2,627.1489687
Western Australia,2010Q3,602.5671645
Western Australia,2010Q4,567.0173747
Western Australia,2011Q1,732.6573668999999
Western Australia,2011Q2,647.6459302000001
Western Australia,2011Q3,612.5325574999999
Western Australia,2011Q4,665.9596334
Western Australia,2012Q1,778.8399103
Western Australia,2012Q2,679.9150946
Western Australia,2012Q3,628.5220328
Western Australia,2012Q4,691.6633265999999
Western Australia,2013Q1,917.725844
Western Australia,2013Q2,745.1224394000001
Western Australia,2013Q3,679.8861262
Western Australia,2013Q4,690.6981977
Western Australia,2014Q1,1265.7146059
Western Australia,2014Q2,1065.8000732
Western Australia,2014Q3,854.9871941
Western Australia,2014Q4,897.895984
Western Australia,2015Q1,1167.7514242000002
Western Australia,2015Q2,990.3224811
Western Australia,2015Q3,928.0220739
Western Australia,2015Q4,960.3365385
Western Australia,2016Q1,1165.7179928
Western Australia,2016Q2,1053.7724624
Western Australia,2016Q3,803.5156769
Western Australia,2016Q4,982.7525893
Western Australia,2017Q1,1134.3520193
Western Australia,2017Q2,997.8522245
Western Australia,2017Q3,879.9885327
Western Australia,2017Q4,1026.2859852000001
